champion_id,champion_name,source_version,status,q_status,w_status,e_status,r_status,package_id,brief_path,run_dir,qa_contact_sheet,accepted_at,notes
Aatrox,Aatrox,16.9.1,accepted,accepted,accepted,accepted,accepted,lol-aatrox,briefs/Aatrox.md,runs/16.9.1/Aatrox,runs/16.9.1/Aatrox/qa/contact-sheet.png,2026-05-11T22:20:29+08:00,"QA passed; installed to ~/.codex/pets/lol-aatrox; running-left mirrored from running-right; idle repaired once; marked complete per user."
Ahri,Ahri,16.9.1,planned,planned,planned,planned,planned,lol-ahri,briefs/Ahri.md,runs/16.9.1/Ahri,runs/16.9.1/Ahri/qa/contact-sheet.png,,
Akali,Akali,16.9.1,planned,planned,planned,planned,planned,lol-akali,briefs/Akali.md,runs/16.9.1/Akali,runs/16.9.1/Akali/qa/contact-sheet.png,,
Akshan,Akshan,16.9.1,planned,planned,planned,planned,planned,lol-akshan,briefs/Akshan.md,runs/16.9.1/Akshan,runs/16.9.1/Akshan/qa/contact-sheet.png,,
Alistar,Alistar,16.9.1,planned,planned,planned,planned,planned,lol-alistar,briefs/Alistar.md,runs/16.9.1/Alistar,runs/16.9.1/Alistar/qa/contact-sheet.png,,
Ambessa,Ambessa,16.9.1,planned,planned,planned,planned,planned,lol-ambessa,briefs/Ambessa.md,runs/16.9.1/Ambessa,runs/16.9.1/Ambessa/qa/contact-sheet.png,,
Amumu,Amumu,16.9.1,planned,planned,planned,planned,planned,lol-amumu,briefs/Amumu.md,runs/16.9.1/Amumu,runs/16.9.1/Amumu/qa/contact-sheet.png,,
Anivia,Anivia,16.9.1,planned,planned,planned,planned,planned,lol-anivia,briefs/Anivia.md,runs/16.9.1/Anivia,runs/16.9.1/Anivia/qa/contact-sheet.png,,
Annie,Annie,16.9.1,planned,planned,planned,planned,planned,lol-annie,briefs/Annie.md,runs/16.9.1/Annie,runs/16.9.1/Annie/qa/contact-sheet.png,,
Aphelios,Aphelios,16.9.1,accepted,accepted,accepted,accepted,accepted,lol-aphelios,briefs/Aphelios.md,runs/16.9.1/Aphelios,runs/16.9.1/Aphelios/qa/contact-sheet.png,2026-05-13T14:54:03+08:00,"QA passed; installed to ~/.codex/pets/lol-aphelios; running-left generated separately rather than mirrored; Q/W/E/R accepted with compact attached crescent weapon cues."
Ashe,Ashe,16.9.1,planned,planned,planned,planned,planned,lol-ashe,briefs/Ashe.md,runs/16.9.1/Ashe,runs/16.9.1/Ashe/qa/contact-sheet.png,,
AurelionSol,Aurelion Sol,16.9.1,planned,planned,planned,planned,planned,lol-aurelionsol,briefs/AurelionSol.md,runs/16.9.1/AurelionSol,runs/16.9.1/AurelionSol/qa/contact-sheet.png,,
Aurora,Aurora,16.9.1,planned,planned,planned,planned,planned,lol-aurora,briefs/Aurora.md,runs/16.9.1/Aurora,runs/16.9.1/Aurora/qa/contact-sheet.png,,
Azir,Azir,16.9.1,planned,planned,planned,planned,planned,lol-azir,briefs/Azir.md,runs/16.9.1/Azir,runs/16.9.1/Azir/qa/contact-sheet.png,,
Bard,Bard,16.9.1,accepted,accepted,accepted,accepted,accepted,lol-bard-v4,briefs/Bard.md,runs/16.9.1/Bard-v4,runs/16.9.1/Bard-v4/qa/contact-sheet.png,2026-05-12T16:18:27+08:00,"Regenerated from official Bard splash/loading/model references; QA passed; installed to ~/.codex/pets/lol-bard and cache-busting ~/.codex/pets/lol-bard-v4; running-left mirrored from running-right."
Belveth,Bel'Veth,16.9.1,planned,planned,planned,planned,planned,lol-belveth,briefs/Belveth.md,runs/16.9.1/Belveth,runs/16.9.1/Belveth/qa/contact-sheet.png,,
Blitzcrank,Blitzcrank,16.9.1,planned,planned,planned,planned,planned,lol-blitzcrank,briefs/Blitzcrank.md,runs/16.9.1/Blitzcrank,runs/16.9.1/Blitzcrank/qa/contact-sheet.png,,
Brand,Brand,16.9.1,planned,planned,planned,planned,planned,lol-brand,briefs/Brand.md,runs/16.9.1/Brand,runs/16.9.1/Brand/qa/contact-sheet.png,,
Braum,Braum,16.9.1,planned,planned,planned,planned,planned,lol-braum,briefs/Braum.md,runs/16.9.1/Braum,runs/16.9.1/Braum/qa/contact-sheet.png,,
Briar,Briar,16.9.1,planned,planned,planned,planned,planned,lol-briar,briefs/Briar.md,runs/16.9.1/Briar,runs/16.9.1/Briar/qa/contact-sheet.png,,
Caitlyn,Caitlyn,16.9.1,planned,planned,planned,planned,planned,lol-caitlyn,briefs/Caitlyn.md,runs/16.9.1/Caitlyn,runs/16.9.1/Caitlyn/qa/contact-sheet.png,,
Camille,Camille,16.9.1,planned,planned,planned,planned,planned,lol-camille,briefs/Camille.md,runs/16.9.1/Camille,runs/16.9.1/Camille/qa/contact-sheet.png,,
Cassiopeia,Cassiopeia,16.9.1,planned,planned,planned,planned,planned,lol-cassiopeia,briefs/Cassiopeia.md,runs/16.9.1/Cassiopeia,runs/16.9.1/Cassiopeia/qa/contact-sheet.png,,
Chogath,Cho'Gath,16.9.1,planned,planned,planned,planned,planned,lol-chogath,briefs/Chogath.md,runs/16.9.1/Chogath,runs/16.9.1/Chogath/qa/contact-sheet.png,,
Corki,Corki,16.9.1,planned,planned,planned,planned,planned,lol-corki,briefs/Corki.md,runs/16.9.1/Corki,runs/16.9.1/Corki/qa/contact-sheet.png,,
Darius,Darius,16.9.1,accepted,accepted,accepted,accepted,accepted,lol-darius,briefs/Darius.md,runs/16.9.1/Darius,runs/16.9.1/Darius/qa/contact-sheet.png,2026-05-11T22:20:29+08:00,"Marked complete per user; installed pet observed at ~/.codex/pets/noxian-hand."
Diana,Diana,16.9.1,planned,planned,planned,planned,planned,lol-diana,briefs/Diana.md,runs/16.9.1/Diana,runs/16.9.1/Diana/qa/contact-sheet.png,,
DrMundo,Dr. Mundo,16.9.1,planned,planned,planned,planned,planned,lol-drmundo,briefs/DrMundo.md,runs/16.9.1/DrMundo,runs/16.9.1/DrMundo/qa/contact-sheet.png,,
Draven,Draven,16.9.1,planned,planned,planned,planned,planned,lol-draven,briefs/Draven.md,runs/16.9.1/Draven,runs/16.9.1/Draven/qa/contact-sheet.png,,
Ekko,Ekko,16.9.1,planned,planned,planned,planned,planned,lol-ekko,briefs/Ekko.md,runs/16.9.1/Ekko,runs/16.9.1/Ekko/qa/contact-sheet.png,,
Elise,Elise,16.9.1,planned,planned,planned,planned,planned,lol-elise,briefs/Elise.md,runs/16.9.1/Elise,runs/16.9.1/Elise/qa/contact-sheet.png,,
Evelynn,Evelynn,16.9.1,planned,planned,planned,planned,planned,lol-evelynn,briefs/Evelynn.md,runs/16.9.1/Evelynn,runs/16.9.1/Evelynn/qa/contact-sheet.png,,
Ezreal,Ezreal,16.9.1,planned,planned,planned,planned,planned,lol-ezreal,briefs/Ezreal.md,runs/16.9.1/Ezreal,runs/16.9.1/Ezreal/qa/contact-sheet.png,,
Fiddlesticks,Fiddlesticks,16.9.1,planned,planned,planned,planned,planned,lol-fiddlesticks,briefs/Fiddlesticks.md,runs/16.9.1/Fiddlesticks,runs/16.9.1/Fiddlesticks/qa/contact-sheet.png,,
Fiora,Fiora,16.9.1,planned,planned,planned,planned,planned,lol-fiora,briefs/Fiora.md,runs/16.9.1/Fiora,runs/16.9.1/Fiora/qa/contact-sheet.png,,
Fizz,Fizz,16.9.1,planned,planned,planned,planned,planned,lol-fizz,briefs/Fizz.md,runs/16.9.1/Fizz,runs/16.9.1/Fizz/qa/contact-sheet.png,,
Galio,Galio,16.9.1,planned,planned,planned,planned,planned,lol-galio,briefs/Galio.md,runs/16.9.1/Galio,runs/16.9.1/Galio/qa/contact-sheet.png,,
Gangplank,Gangplank,16.9.1,planned,planned,planned,planned,planned,lol-gangplank,briefs/Gangplank.md,runs/16.9.1/Gangplank,runs/16.9.1/Gangplank/qa/contact-sheet.png,,
Garen,Garen,16.9.1,planned,planned,planned,planned,planned,lol-garen,briefs/Garen.md,runs/16.9.1/Garen,runs/16.9.1/Garen/qa/contact-sheet.png,,
Gnar,Gnar,16.9.1,planned,planned,planned,planned,planned,lol-gnar,briefs/Gnar.md,runs/16.9.1/Gnar,runs/16.9.1/Gnar/qa/contact-sheet.png,,
Gragas,Gragas,16.9.1,accepted,accepted,accepted,accepted,accepted,lol-gragas,briefs/Gragas.md,runs/16.9.1/Gragas,runs/16.9.1/Gragas/qa/contact-sheet.png,2026-05-11T22:20:29+08:00,"Marked complete per user; installed pets observed at ~/.codex/pets/gragas and ~/.codex/pets/brewmaster."
Graves,Graves,16.9.1,planned,planned,planned,planned,planned,lol-graves,briefs/Graves.md,runs/16.9.1/Graves,runs/16.9.1/Graves/qa/contact-sheet.png,,
Gwen,Gwen,16.9.1,planned,planned,planned,planned,planned,lol-gwen,briefs/Gwen.md,runs/16.9.1/Gwen,runs/16.9.1/Gwen/qa/contact-sheet.png,,
Hecarim,Hecarim,16.9.1,planned,planned,planned,planned,planned,lol-hecarim,briefs/Hecarim.md,runs/16.9.1/Hecarim,runs/16.9.1/Hecarim/qa/contact-sheet.png,,
Heimerdinger,Heimerdinger,16.9.1,planned,planned,planned,planned,planned,lol-heimerdinger,briefs/Heimerdinger.md,runs/16.9.1/Heimerdinger,runs/16.9.1/Heimerdinger/qa/contact-sheet.png,,
Hwei,Hwei,16.9.1,planned,planned,planned,planned,planned,lol-hwei,briefs/Hwei.md,runs/16.9.1/Hwei,runs/16.9.1/Hwei/qa/contact-sheet.png,,
Illaoi,Illaoi,16.9.1,planned,planned,planned,planned,planned,lol-illaoi,briefs/Illaoi.md,runs/16.9.1/Illaoi,runs/16.9.1/Illaoi/qa/contact-sheet.png,,
Irelia,Irelia,16.9.1,planned,planned,planned,planned,planned,lol-irelia,briefs/Irelia.md,runs/16.9.1/Irelia,runs/16.9.1/Irelia/qa/contact-sheet.png,,
Ivern,Ivern,16.9.1,planned,planned,planned,planned,planned,lol-ivern,briefs/Ivern.md,runs/16.9.1/Ivern,runs/16.9.1/Ivern/qa/contact-sheet.png,,
Janna,Janna,16.9.1,planned,planned,planned,planned,planned,lol-janna,briefs/Janna.md,runs/16.9.1/Janna,runs/16.9.1/Janna/qa/contact-sheet.png,,
JarvanIV,Jarvan IV,16.9.1,planned,planned,planned,planned,planned,lol-jarvaniv,briefs/JarvanIV.md,runs/16.9.1/JarvanIV,runs/16.9.1/JarvanIV/qa/contact-sheet.png,,
Jax,Jax,16.9.1,planned,planned,planned,planned,planned,lol-jax,briefs/Jax.md,runs/16.9.1/Jax,runs/16.9.1/Jax/qa/contact-sheet.png,,
Jayce,Jayce,16.9.1,planned,planned,planned,planned,planned,lol-jayce,briefs/Jayce.md,runs/16.9.1/Jayce,runs/16.9.1/Jayce/qa/contact-sheet.png,,
Jhin,Jhin,16.9.1,planned,planned,planned,planned,planned,lol-jhin,briefs/Jhin.md,runs/16.9.1/Jhin,runs/16.9.1/Jhin/qa/contact-sheet.png,,
Jinx,Jinx,16.9.1,planned,planned,planned,planned,planned,lol-jinx,briefs/Jinx.md,runs/16.9.1/Jinx,runs/16.9.1/Jinx/qa/contact-sheet.png,,
KSante,K'Sante,16.9.1,planned,planned,planned,planned,planned,lol-ksante,briefs/KSante.md,runs/16.9.1/KSante,runs/16.9.1/KSante/qa/contact-sheet.png,,
Kaisa,Kai'Sa,16.9.1,planned,planned,planned,planned,planned,lol-kaisa,briefs/Kaisa.md,runs/16.9.1/Kaisa,runs/16.9.1/Kaisa/qa/contact-sheet.png,,
Kalista,Kalista,16.9.1,planned,planned,planned,planned,planned,lol-kalista,briefs/Kalista.md,runs/16.9.1/Kalista,runs/16.9.1/Kalista/qa/contact-sheet.png,,
Karma,Karma,16.9.1,planned,planned,planned,planned,planned,lol-karma,briefs/Karma.md,runs/16.9.1/Karma,runs/16.9.1/Karma/qa/contact-sheet.png,,
Karthus,Karthus,16.9.1,planned,planned,planned,planned,planned,lol-karthus,briefs/Karthus.md,runs/16.9.1/Karthus,runs/16.9.1/Karthus/qa/contact-sheet.png,,
Kassadin,Kassadin,16.9.1,planned,planned,planned,planned,planned,lol-kassadin,briefs/Kassadin.md,runs/16.9.1/Kassadin,runs/16.9.1/Kassadin/qa/contact-sheet.png,,
Katarina,Katarina,16.9.1,planned,planned,planned,planned,planned,lol-katarina,briefs/Katarina.md,runs/16.9.1/Katarina,runs/16.9.1/Katarina/qa/contact-sheet.png,,
Kayle,Kayle,16.9.1,planned,planned,planned,planned,planned,lol-kayle,briefs/Kayle.md,runs/16.9.1/Kayle,runs/16.9.1/Kayle/qa/contact-sheet.png,,
Kayn,Kayn,16.9.1,planned,planned,planned,planned,planned,lol-kayn,briefs/Kayn.md,runs/16.9.1/Kayn,runs/16.9.1/Kayn/qa/contact-sheet.png,,
Kennen,Kennen,16.9.1,planned,planned,planned,planned,planned,lol-kennen,briefs/Kennen.md,runs/16.9.1/Kennen,runs/16.9.1/Kennen/qa/contact-sheet.png,,
Khazix,Kha'Zix,16.9.1,planned,planned,planned,planned,planned,lol-khazix,briefs/Khazix.md,runs/16.9.1/Khazix,runs/16.9.1/Khazix/qa/contact-sheet.png,,
Kindred,Kindred,16.9.1,planned,planned,planned,planned,planned,lol-kindred,briefs/Kindred.md,runs/16.9.1/Kindred,runs/16.9.1/Kindred/qa/contact-sheet.png,,
Kled,Kled,16.9.1,planned,planned,planned,planned,planned,lol-kled,briefs/Kled.md,runs/16.9.1/Kled,runs/16.9.1/Kled/qa/contact-sheet.png,,
KogMaw,Kog'Maw,16.9.1,planned,planned,planned,planned,planned,lol-kogmaw,briefs/KogMaw.md,runs/16.9.1/KogMaw,runs/16.9.1/KogMaw/qa/contact-sheet.png,,
Leblanc,LeBlanc,16.9.1,planned,planned,planned,planned,planned,lol-leblanc,briefs/Leblanc.md,runs/16.9.1/Leblanc,runs/16.9.1/Leblanc/qa/contact-sheet.png,,
LeeSin,Lee Sin,16.9.1,planned,planned,planned,planned,planned,lol-leesin,briefs/LeeSin.md,runs/16.9.1/LeeSin,runs/16.9.1/LeeSin/qa/contact-sheet.png,,
Leona,Leona,16.9.1,planned,planned,planned,planned,planned,lol-leona,briefs/Leona.md,runs/16.9.1/Leona,runs/16.9.1/Leona/qa/contact-sheet.png,,
Lillia,Lillia,16.9.1,planned,planned,planned,planned,planned,lol-lillia,briefs/Lillia.md,runs/16.9.1/Lillia,runs/16.9.1/Lillia/qa/contact-sheet.png,,
Lissandra,Lissandra,16.9.1,planned,planned,planned,planned,planned,lol-lissandra,briefs/Lissandra.md,runs/16.9.1/Lissandra,runs/16.9.1/Lissandra/qa/contact-sheet.png,,
Lucian,Lucian,16.9.1,planned,planned,planned,planned,planned,lol-lucian,briefs/Lucian.md,runs/16.9.1/Lucian,runs/16.9.1/Lucian/qa/contact-sheet.png,,
Lulu,Lulu,16.9.1,planned,planned,planned,planned,planned,lol-lulu,briefs/Lulu.md,runs/16.9.1/Lulu,runs/16.9.1/Lulu/qa/contact-sheet.png,,
Lux,Lux,16.9.1,planned,planned,planned,planned,planned,lol-lux,briefs/Lux.md,runs/16.9.1/Lux,runs/16.9.1/Lux/qa/contact-sheet.png,,
Malphite,Malphite,16.9.1,planned,planned,planned,planned,planned,lol-malphite,briefs/Malphite.md,runs/16.9.1/Malphite,runs/16.9.1/Malphite/qa/contact-sheet.png,,
Malzahar,Malzahar,16.9.1,planned,planned,planned,planned,planned,lol-malzahar,briefs/Malzahar.md,runs/16.9.1/Malzahar,runs/16.9.1/Malzahar/qa/contact-sheet.png,,
Maokai,Maokai,16.9.1,planned,planned,planned,planned,planned,lol-maokai,briefs/Maokai.md,runs/16.9.1/Maokai,runs/16.9.1/Maokai/qa/contact-sheet.png,,
MasterYi,Master Yi,16.9.1,planned,planned,planned,planned,planned,lol-masteryi,briefs/MasterYi.md,runs/16.9.1/MasterYi,runs/16.9.1/MasterYi/qa/contact-sheet.png,,
Mel,Mel,16.9.1,planned,planned,planned,planned,planned,lol-mel,briefs/Mel.md,runs/16.9.1/Mel,runs/16.9.1/Mel/qa/contact-sheet.png,,
Milio,Milio,16.9.1,planned,planned,planned,planned,planned,lol-milio,briefs/Milio.md,runs/16.9.1/Milio,runs/16.9.1/Milio/qa/contact-sheet.png,,
MissFortune,Miss Fortune,16.9.1,planned,planned,planned,planned,planned,lol-missfortune,briefs/MissFortune.md,runs/16.9.1/MissFortune,runs/16.9.1/MissFortune/qa/contact-sheet.png,,
Mordekaiser,Mordekaiser,16.9.1,planned,planned,planned,planned,planned,lol-mordekaiser,briefs/Mordekaiser.md,runs/16.9.1/Mordekaiser,runs/16.9.1/Mordekaiser/qa/contact-sheet.png,,
Morgana,Morgana,16.9.1,planned,planned,planned,planned,planned,lol-morgana,briefs/Morgana.md,runs/16.9.1/Morgana,runs/16.9.1/Morgana/qa/contact-sheet.png,,
Naafiri,Naafiri,16.9.1,planned,planned,planned,planned,planned,lol-naafiri,briefs/Naafiri.md,runs/16.9.1/Naafiri,runs/16.9.1/Naafiri/qa/contact-sheet.png,,
Nami,Nami,16.9.1,planned,planned,planned,planned,planned,lol-nami,briefs/Nami.md,runs/16.9.1/Nami,runs/16.9.1/Nami/qa/contact-sheet.png,,
Nasus,Nasus,16.9.1,planned,planned,planned,planned,planned,lol-nasus,briefs/Nasus.md,runs/16.9.1/Nasus,runs/16.9.1/Nasus/qa/contact-sheet.png,,
Nautilus,Nautilus,16.9.1,planned,planned,planned,planned,planned,lol-nautilus,briefs/Nautilus.md,runs/16.9.1/Nautilus,runs/16.9.1/Nautilus/qa/contact-sheet.png,,
Neeko,Neeko,16.9.1,accepted,accepted,accepted,accepted,accepted,lol-neeko,briefs/Neeko.md,runs/16.9.1/Neeko,runs/16.9.1/Neeko/qa/contact-sheet.png,2026-05-12T18:49:08+08:00,"QA passed; installed to ~/.codex/pets/lol-neeko; running-left mirrored from running-right; green chroma key selected after yellow/red key validation failures."
Nidalee,Nidalee,16.9.1,planned,planned,planned,planned,planned,lol-nidalee,briefs/Nidalee.md,runs/16.9.1/Nidalee,runs/16.9.1/Nidalee/qa/contact-sheet.png,,
Nilah,Nilah,16.9.1,planned,planned,planned,planned,planned,lol-nilah,briefs/Nilah.md,runs/16.9.1/Nilah,runs/16.9.1/Nilah/qa/contact-sheet.png,,
Nocturne,Nocturne,16.9.1,planned,planned,planned,planned,planned,lol-nocturne,briefs/Nocturne.md,runs/16.9.1/Nocturne,runs/16.9.1/Nocturne/qa/contact-sheet.png,,
Nunu,Nunu & Willump,16.9.1,planned,planned,planned,planned,planned,lol-nunu,briefs/Nunu.md,runs/16.9.1/Nunu,runs/16.9.1/Nunu/qa/contact-sheet.png,,
Olaf,Olaf,16.9.1,planned,planned,planned,planned,planned,lol-olaf,briefs/Olaf.md,runs/16.9.1/Olaf,runs/16.9.1/Olaf/qa/contact-sheet.png,,
Orianna,Orianna,16.9.1,planned,planned,planned,planned,planned,lol-orianna,briefs/Orianna.md,runs/16.9.1/Orianna,runs/16.9.1/Orianna/qa/contact-sheet.png,,
Ornn,Ornn,16.9.1,planned,planned,planned,planned,planned,lol-ornn,briefs/Ornn.md,runs/16.9.1/Ornn,runs/16.9.1/Ornn/qa/contact-sheet.png,,
Pantheon,Pantheon,16.9.1,planned,planned,planned,planned,planned,lol-pantheon,briefs/Pantheon.md,runs/16.9.1/Pantheon,runs/16.9.1/Pantheon/qa/contact-sheet.png,,
Poppy,Poppy,16.9.1,planned,planned,planned,planned,planned,lol-poppy,briefs/Poppy.md,runs/16.9.1/Poppy,runs/16.9.1/Poppy/qa/contact-sheet.png,,
Pyke,Pyke,16.9.1,planned,planned,planned,planned,planned,lol-pyke,briefs/Pyke.md,runs/16.9.1/Pyke,runs/16.9.1/Pyke/qa/contact-sheet.png,,
Qiyana,Qiyana,16.9.1,planned,planned,planned,planned,planned,lol-qiyana,briefs/Qiyana.md,runs/16.9.1/Qiyana,runs/16.9.1/Qiyana/qa/contact-sheet.png,,
Quinn,Quinn,16.9.1,planned,planned,planned,planned,planned,lol-quinn,briefs/Quinn.md,runs/16.9.1/Quinn,runs/16.9.1/Quinn/qa/contact-sheet.png,,
Rakan,Rakan,16.9.1,planned,planned,planned,planned,planned,lol-rakan,briefs/Rakan.md,runs/16.9.1/Rakan,runs/16.9.1/Rakan/qa/contact-sheet.png,,
Rammus,Rammus,16.9.1,planned,planned,planned,planned,planned,lol-rammus,briefs/Rammus.md,runs/16.9.1/Rammus,runs/16.9.1/Rammus/qa/contact-sheet.png,,
RekSai,Rek'Sai,16.9.1,accepted,accepted,accepted,accepted,accepted,lol-reksai,briefs/RekSai.md,runs/16.9.1/RekSai,runs/16.9.1/RekSai/qa/contact-sheet.png,2026-05-14T15:38:57+08:00,"QA passed; installed to ~/.codex/pets/lol-reksai; running-left mirrored from running-right; Q/W/E/R accepted with claw swipe, burrow-ready crouch, bite-lunge, and void-rush pounce cues."
Rell,Rell,16.9.1,planned,planned,planned,planned,planned,lol-rell,briefs/Rell.md,runs/16.9.1/Rell,runs/16.9.1/Rell/qa/contact-sheet.png,,
Renata,Renata Glasc,16.9.1,planned,planned,planned,planned,planned,lol-renata,briefs/Renata.md,runs/16.9.1/Renata,runs/16.9.1/Renata/qa/contact-sheet.png,,
Renekton,Renekton,16.9.1,planned,planned,planned,planned,planned,lol-renekton,briefs/Renekton.md,runs/16.9.1/Renekton,runs/16.9.1/Renekton/qa/contact-sheet.png,,
Rengar,Rengar,16.9.1,planned,planned,planned,planned,planned,lol-rengar,briefs/Rengar.md,runs/16.9.1/Rengar,runs/16.9.1/Rengar/qa/contact-sheet.png,,
Riven,Riven,16.9.1,planned,planned,planned,planned,planned,lol-riven,briefs/Riven.md,runs/16.9.1/Riven,runs/16.9.1/Riven/qa/contact-sheet.png,,
Rumble,Rumble,16.9.1,planned,planned,planned,planned,planned,lol-rumble,briefs/Rumble.md,runs/16.9.1/Rumble,runs/16.9.1/Rumble/qa/contact-sheet.png,,
Ryze,Ryze,16.9.1,planned,planned,planned,planned,planned,lol-ryze,briefs/Ryze.md,runs/16.9.1/Ryze,runs/16.9.1/Ryze/qa/contact-sheet.png,,
Samira,Samira,16.9.1,planned,planned,planned,planned,planned,lol-samira,briefs/Samira.md,runs/16.9.1/Samira,runs/16.9.1/Samira/qa/contact-sheet.png,,
Sejuani,Sejuani,16.9.1,planned,planned,planned,planned,planned,lol-sejuani,briefs/Sejuani.md,runs/16.9.1/Sejuani,runs/16.9.1/Sejuani/qa/contact-sheet.png,,
Senna,Senna,16.9.1,planned,planned,planned,planned,planned,lol-senna,briefs/Senna.md,runs/16.9.1/Senna,runs/16.9.1/Senna/qa/contact-sheet.png,,
Seraphine,Seraphine,16.9.1,planned,planned,planned,planned,planned,lol-seraphine,briefs/Seraphine.md,runs/16.9.1/Seraphine,runs/16.9.1/Seraphine/qa/contact-sheet.png,,
Sett,Sett,16.9.1,planned,planned,planned,planned,planned,lol-sett,briefs/Sett.md,runs/16.9.1/Sett,runs/16.9.1/Sett/qa/contact-sheet.png,,
Shaco,Shaco,16.9.1,planned,planned,planned,planned,planned,lol-shaco,briefs/Shaco.md,runs/16.9.1/Shaco,runs/16.9.1/Shaco/qa/contact-sheet.png,,
Shen,Shen,16.9.1,planned,planned,planned,planned,planned,lol-shen,briefs/Shen.md,runs/16.9.1/Shen,runs/16.9.1/Shen/qa/contact-sheet.png,,
Shyvana,Shyvana,16.9.1,planned,planned,planned,planned,planned,lol-shyvana,briefs/Shyvana.md,runs/16.9.1/Shyvana,runs/16.9.1/Shyvana/qa/contact-sheet.png,,
Singed,Singed,16.9.1,planned,planned,planned,planned,planned,lol-singed,briefs/Singed.md,runs/16.9.1/Singed,runs/16.9.1/Singed/qa/contact-sheet.png,,
Sion,Sion,16.9.1,planned,planned,planned,planned,planned,lol-sion,briefs/Sion.md,runs/16.9.1/Sion,runs/16.9.1/Sion/qa/contact-sheet.png,,
Sivir,Sivir,16.9.1,planned,planned,planned,planned,planned,lol-sivir,briefs/Sivir.md,runs/16.9.1/Sivir,runs/16.9.1/Sivir/qa/contact-sheet.png,,
Skarner,Skarner,16.9.1,planned,planned,planned,planned,planned,lol-skarner,briefs/Skarner.md,runs/16.9.1/Skarner,runs/16.9.1/Skarner/qa/contact-sheet.png,,
Smolder,Smolder,16.9.1,planned,planned,planned,planned,planned,lol-smolder,briefs/Smolder.md,runs/16.9.1/Smolder,runs/16.9.1/Smolder/qa/contact-sheet.png,,
Sona,Sona,16.9.1,planned,planned,planned,planned,planned,lol-sona,briefs/Sona.md,runs/16.9.1/Sona,runs/16.9.1/Sona/qa/contact-sheet.png,,
Soraka,Soraka,16.9.1,planned,planned,planned,planned,planned,lol-soraka,briefs/Soraka.md,runs/16.9.1/Soraka,runs/16.9.1/Soraka/qa/contact-sheet.png,,
Swain,Swain,16.9.1,planned,planned,planned,planned,planned,lol-swain,briefs/Swain.md,runs/16.9.1/Swain,runs/16.9.1/Swain/qa/contact-sheet.png,,
Sylas,Sylas,16.9.1,planned,planned,planned,planned,planned,lol-sylas,briefs/Sylas.md,runs/16.9.1/Sylas,runs/16.9.1/Sylas/qa/contact-sheet.png,,
Syndra,Syndra,16.9.1,planned,planned,planned,planned,planned,lol-syndra,briefs/Syndra.md,runs/16.9.1/Syndra,runs/16.9.1/Syndra/qa/contact-sheet.png,,
TahmKench,Tahm Kench,16.9.1,planned,planned,planned,planned,planned,lol-tahmkench,briefs/TahmKench.md,runs/16.9.1/TahmKench,runs/16.9.1/TahmKench/qa/contact-sheet.png,,
Taliyah,Taliyah,16.9.1,planned,planned,planned,planned,planned,lol-taliyah,briefs/Taliyah.md,runs/16.9.1/Taliyah,runs/16.9.1/Taliyah/qa/contact-sheet.png,,
Talon,Talon,16.9.1,planned,planned,planned,planned,planned,lol-talon,briefs/Talon.md,runs/16.9.1/Talon,runs/16.9.1/Talon/qa/contact-sheet.png,,
Taric,Taric,16.9.1,planned,planned,planned,planned,planned,lol-taric,briefs/Taric.md,runs/16.9.1/Taric,runs/16.9.1/Taric/qa/contact-sheet.png,,
Teemo,Teemo,16.9.1,planned,planned,planned,planned,planned,lol-teemo,briefs/Teemo.md,runs/16.9.1/Teemo,runs/16.9.1/Teemo/qa/contact-sheet.png,,
Thresh,Thresh,16.9.1,planned,planned,planned,planned,planned,lol-thresh,briefs/Thresh.md,runs/16.9.1/Thresh,runs/16.9.1/Thresh/qa/contact-sheet.png,,
Tristana,Tristana,16.9.1,planned,planned,planned,planned,planned,lol-tristana,briefs/Tristana.md,runs/16.9.1/Tristana,runs/16.9.1/Tristana/qa/contact-sheet.png,,
Trundle,Trundle,16.9.1,planned,planned,planned,planned,planned,lol-trundle,briefs/Trundle.md,runs/16.9.1/Trundle,runs/16.9.1/Trundle/qa/contact-sheet.png,,
Tryndamere,Tryndamere,16.9.1,planned,planned,planned,planned,planned,lol-tryndamere,briefs/Tryndamere.md,runs/16.9.1/Tryndamere,runs/16.9.1/Tryndamere/qa/contact-sheet.png,,
TwistedFate,Twisted Fate,16.9.1,planned,planned,planned,planned,planned,lol-twistedfate,briefs/TwistedFate.md,runs/16.9.1/TwistedFate,runs/16.9.1/TwistedFate/qa/contact-sheet.png,,
Twitch,Twitch,16.9.1,planned,planned,planned,planned,planned,lol-twitch,briefs/Twitch.md,runs/16.9.1/Twitch,runs/16.9.1/Twitch/qa/contact-sheet.png,,
Udyr,Udyr,16.9.1,planned,planned,planned,planned,planned,lol-udyr,briefs/Udyr.md,runs/16.9.1/Udyr,runs/16.9.1/Udyr/qa/contact-sheet.png,,
Urgot,Urgot,16.9.1,planned,planned,planned,planned,planned,lol-urgot,briefs/Urgot.md,runs/16.9.1/Urgot,runs/16.9.1/Urgot/qa/contact-sheet.png,,
Varus,Varus,16.9.1,planned,planned,planned,planned,planned,lol-varus,briefs/Varus.md,runs/16.9.1/Varus,runs/16.9.1/Varus/qa/contact-sheet.png,,
Vayne,Vayne,16.9.1,planned,planned,planned,planned,planned,lol-vayne,briefs/Vayne.md,runs/16.9.1/Vayne,runs/16.9.1/Vayne/qa/contact-sheet.png,,
Veigar,Veigar,16.9.1,planned,planned,planned,planned,planned,lol-veigar,briefs/Veigar.md,runs/16.9.1/Veigar,runs/16.9.1/Veigar/qa/contact-sheet.png,,
Velkoz,Vel'Koz,16.9.1,planned,planned,planned,planned,planned,lol-velkoz,briefs/Velkoz.md,runs/16.9.1/Velkoz,runs/16.9.1/Velkoz/qa/contact-sheet.png,,
Vex,Vex,16.9.1,planned,planned,planned,planned,planned,lol-vex,briefs/Vex.md,runs/16.9.1/Vex,runs/16.9.1/Vex/qa/contact-sheet.png,,
Vi,Vi,16.9.1,planned,planned,planned,planned,planned,lol-vi,briefs/Vi.md,runs/16.9.1/Vi,runs/16.9.1/Vi/qa/contact-sheet.png,,
Viego,Viego,16.9.1,planned,planned,planned,planned,planned,lol-viego,briefs/Viego.md,runs/16.9.1/Viego,runs/16.9.1/Viego/qa/contact-sheet.png,,
Viktor,Viktor,16.9.1,planned,planned,planned,planned,planned,lol-viktor,briefs/Viktor.md,runs/16.9.1/Viktor,runs/16.9.1/Viktor/qa/contact-sheet.png,,
Vladimir,Vladimir,16.9.1,planned,planned,planned,planned,planned,lol-vladimir,briefs/Vladimir.md,runs/16.9.1/Vladimir,runs/16.9.1/Vladimir/qa/contact-sheet.png,,
Volibear,Volibear,16.9.1,planned,planned,planned,planned,planned,lol-volibear,briefs/Volibear.md,runs/16.9.1/Volibear,runs/16.9.1/Volibear/qa/contact-sheet.png,,
Warwick,Warwick,16.9.1,planned,planned,planned,planned,planned,lol-warwick,briefs/Warwick.md,runs/16.9.1/Warwick,runs/16.9.1/Warwick/qa/contact-sheet.png,,
MonkeyKing,Wukong,16.9.1,planned,planned,planned,planned,planned,lol-monkeyking,briefs/MonkeyKing.md,runs/16.9.1/MonkeyKing,runs/16.9.1/MonkeyKing/qa/contact-sheet.png,,
Xayah,Xayah,16.9.1,planned,planned,planned,planned,planned,lol-xayah,briefs/Xayah.md,runs/16.9.1/Xayah,runs/16.9.1/Xayah/qa/contact-sheet.png,,
Xerath,Xerath,16.9.1,planned,planned,planned,planned,planned,lol-xerath,briefs/Xerath.md,runs/16.9.1/Xerath,runs/16.9.1/Xerath/qa/contact-sheet.png,,
XinZhao,Xin Zhao,16.9.1,planned,planned,planned,planned,planned,lol-xinzhao,briefs/XinZhao.md,runs/16.9.1/XinZhao,runs/16.9.1/XinZhao/qa/contact-sheet.png,,
Yasuo,Yasuo,16.9.1,planned,planned,planned,planned,planned,lol-yasuo,briefs/Yasuo.md,runs/16.9.1/Yasuo,runs/16.9.1/Yasuo/qa/contact-sheet.png,,
Yone,Yone,16.9.1,planned,planned,planned,planned,planned,lol-yone,briefs/Yone.md,runs/16.9.1/Yone,runs/16.9.1/Yone/qa/contact-sheet.png,,
Yorick,Yorick,16.9.1,planned,planned,planned,planned,planned,lol-yorick,briefs/Yorick.md,runs/16.9.1/Yorick,runs/16.9.1/Yorick/qa/contact-sheet.png,,
Yunara,Yunara,16.9.1,planned,planned,planned,planned,planned,lol-yunara,briefs/Yunara.md,runs/16.9.1/Yunara,runs/16.9.1/Yunara/qa/contact-sheet.png,,
Yuumi,Yuumi,16.9.1,planned,planned,planned,planned,planned,lol-yuumi,briefs/Yuumi.md,runs/16.9.1/Yuumi,runs/16.9.1/Yuumi/qa/contact-sheet.png,,
Zaahen,Zaahen,16.9.1,planned,planned,planned,planned,planned,lol-zaahen,briefs/Zaahen.md,runs/16.9.1/Zaahen,runs/16.9.1/Zaahen/qa/contact-sheet.png,,
Zac,Zac,16.9.1,planned,planned,planned,planned,planned,lol-zac,briefs/Zac.md,runs/16.9.1/Zac,runs/16.9.1/Zac/qa/contact-sheet.png,,
Zed,Zed,16.9.1,planned,planned,planned,planned,planned,lol-zed,briefs/Zed.md,runs/16.9.1/Zed,runs/16.9.1/Zed/qa/contact-sheet.png,,
Zeri,Zeri,16.9.1,planned,planned,planned,planned,planned,lol-zeri,briefs/Zeri.md,runs/16.9.1/Zeri,runs/16.9.1/Zeri/qa/contact-sheet.png,,
Ziggs,Ziggs,16.9.1,planned,planned,planned,planned,planned,lol-ziggs,briefs/Ziggs.md,runs/16.9.1/Ziggs,runs/16.9.1/Ziggs/qa/contact-sheet.png,,
Zilean,Zilean,16.9.1,planned,planned,planned,planned,planned,lol-zilean,briefs/Zilean.md,runs/16.9.1/Zilean,runs/16.9.1/Zilean/qa/contact-sheet.png,,
Zoe,Zoe,16.9.1,planned,planned,planned,planned,planned,lol-zoe,briefs/Zoe.md,runs/16.9.1/Zoe,runs/16.9.1/Zoe/qa/contact-sheet.png,,
Zyra,Zyra,16.9.1,planned,planned,planned,planned,planned,lol-zyra,briefs/Zyra.md,runs/16.9.1/Zyra,runs/16.9.1/Zyra/qa/contact-sheet.png,,
